snapped_at,price,market_cap,total_volume
2019-09-20 00:00:00 UTC,6.056918840556773,0.0,23155.916292920134
2019-09-21 00:00:00 UTC,6.10326778861828,0.0,20432.575442473153
2019-09-22 00:00:00 UTC,6.041148368996949,0.0,21538.29423567707
2019-09-23 00:00:00 UTC,6.0425863543585665,0.0,13700.058745988543
2019-09-24 00:00:00 UTC,5.9941127752919146,0.0,26237.722952711203
2019-09-25 00:00:00 UTC,5.906023576711163,0.0,26113.4483988893
2019-09-26 00:00:00 UTC,5.9671877781573555,0.0,21188.391208154586
2019-09-27 00:00:00 UTC,5.825920784271882,0.0,16792.2175152492
2019-09-28 00:00:00 UTC,5.84517483178548,0.0,23869.32379461761
2019-09-29 00:00:00 UTC,5.737543440665022,0.0,18048.245001184834
2019-09-30 00:00:00 UTC,5.79645280321031,0.0,9924.795462969394
2019-10-01 00:00:00 UTC,5.769519251754637,0.0,20080.58385972157
2019-10-02 00:00:00 UTC,5.820389098967941,0.0,22174.757025201117
2019-10-03 00:00:00 UTC,5.820389098967941,0.0,22174.757025201117
2019-10-04 00:00:00 UTC,5.941600210126294,0.0,16535.678964148745
2019-10-05 00:00:00 UTC,5.941600210126294,0.0,16535.678964148745
2019-10-06 00:00:00 UTC,4.323416858851119,0.0,18016.581644956113
2019-10-07 00:00:00 UTC,4.280860821672861,0.0,2834.2911686007833
2019-10-08 00:00:00 UTC,4.02615230058046,0.0,23178.42915233763
2019-10-09 00:00:00 UTC,4.174679301360514,0.0,6801.748627536117
2019-10-10 00:00:00 UTC,4.178288719113483,0.0,12199.471579226234
2019-10-11 00:00:00 UTC,4.170775287928947,0.0,10226.348953124714
2019-10-12 00:00:00 UTC,4.44286653487053,0.0,18672.516792832754
2019-10-13 00:00:00 UTC,4.491014023384385,0.0,10496.299622246872
2019-10-14 00:00:00 UTC,4.583588267478569,0.0,22719.39358605165
2019-10-15 00:00:00 UTC,4.787700690728578,0.0,17421.808921989843
2019-10-16 00:00:00 UTC,4.689941461143398,0.0,13937.803000293154
2019-10-17 00:00:00 UTC,4.77963149002829,0.0,17145.76795391386
2019-10-18 00:00:00 UTC,4.593189763844881,0.0,17656.453867621774
2019-10-19 00:00:00 UTC,4.743479916735437,0.0,24231.59138360733
2019-10-20 00:00:00 UTC,4.435158951284286,0.0,11857.918143919422
2019-10-21 00:00:00 UTC,4.532597764594473,0.0,13910.022197317063
2019-10-22 00:00:00 UTC,4.737646100446507,0.0,17809.800912084193
2019-10-23 00:00:00 UTC,4.853649760043257,0.0,10633.18368977227
2019-10-24 00:00:00 UTC,4.493474340872285,0.0,11115.125981044232
2019-10-25 00:00:00 UTC,4.671388332497679,0.0,12997.328950715602
2019-10-26 00:00:00 UTC,4.5821386396929045,0.0,11276.410877855205
2019-10-27 00:00:00 UTC,4.7710659643405124,0.0,16057.655146334864
2019-10-28 00:00:00 UTC,4.989384612093379,0.0,20790.454839931775
2019-10-29 00:00:00 UTC,4.681563942320992,0.0,21215.680672707913
2019-10-30 00:00:00 UTC,5.1776252689256435,0.0,7528.634234649452
2019-10-31 00:00:00 UTC,4.661847506598618,0.0,9006.408273343883
2019-11-01 00:00:00 UTC,4.741408627673088,0.0,6209.26386758624
2019-11-02 00:00:00 UTC,4.64920800250204,0.0,15557.256529904367
2019-11-03 00:00:00 UTC,4.791619269962659,0.0,16033.059949309065
2019-11-04 00:00:00 UTC,4.875542685497524,0.0,11748.753664380662
2019-11-05 00:00:00 UTC,4.635065212676349,0.0,9115.186220877706
2019-11-06 00:00:00 UTC,4.672293085391151,0.0,19719.49379756373
2019-11-07 00:00:00 UTC,4.561184300507832,0.0,9796.096116740944
2019-11-08 00:00:00 UTC,4.625172012698997,0.0,9918.121735419461
2019-11-09 00:00:00 UTC,4.693471029471904,0.0,8745.342691826587
2019-11-10 00:00:00 UTC,4.849712046997244,0.0,13833.266265964832
2019-11-11 00:00:00 UTC,4.488513991668399,0.0,12502.422227202745
2019-11-12 00:00:00 UTC,4.671831258217291,0.0,21915.703390333812
2019-11-13 00:00:00 UTC,4.2632492629218675,0.0,12822.426020690824
2019-11-14 00:00:00 UTC,4.649214933890268,0.0,11381.297219944607
2019-11-15 00:00:00 UTC,4.488046630394654,0.0,11473.811490253627
2019-11-16 00:00:00 UTC,4.557122711378769,0.0,19328.23666098947
2019-11-17 00:00:00 UTC,4.755711874899583,0.0,14893.256005156467
2019-11-18 00:00:00 UTC,4.552557155672895,0.0,14341.666774827036
2019-11-19 00:00:00 UTC,4.491978980496667,0.0,12716.17709266574
2019-11-20 00:00:00 UTC,4.6523487890206345,0.0,15533.054642026103
2019-11-21 00:00:00 UTC,4.5628612241301285,0.0,12923.468501172327
2019-11-22 00:00:00 UTC,4.6033510805296896,0.0,10819.294252382897
2019-11-23 00:00:00 UTC,4.525145160391579,0.0,13060.116022939988
2019-11-24 00:00:00 UTC,4.556615758002813,0.0,10399.379145890045
2019-11-25 00:00:00 UTC,4.800464435504118,0.0,7481.984187272534
2019-11-26 00:00:00 UTC,5.009351704325098,0.0,15155.57918118264
2019-11-27 00:00:00 UTC,5.056709348684708,0.0,12909.195928604157
2019-11-28 00:00:00 UTC,4.905333415899142,0.0,15622.975303363492
2019-11-29 00:00:00 UTC,4.697424033010858,0.0,16026.978527358206
2019-11-30 00:00:00 UTC,4.603991981257352,0.0,16634.302216944892
2019-12-01 00:00:00 UTC,4.7001082139233645,0.0,15142.321712407333
2019-12-02 00:00:00 UTC,4.904857850561134,0.0,18661.300774170802
2019-12-03 00:00:00 UTC,4.656802920351544,0.0,19895.84866786762
2019-12-04 00:00:00 UTC,4.738165746026512,0.0,30808.009492209152
2019-12-05 00:00:00 UTC,4.648076196288603,0.0,1549.364619659383
2019-12-06 00:00:00 UTC,1.5745762344201728,0.0,6379.885779335105
2019-12-07 00:00:00 UTC,1.6801857189611802,0.0,5133.572574322376
2019-12-08 00:00:00 UTC,1.5201968032989273,0.0,3536.6758388453795
2019-12-09 00:00:00 UTC,1.5826910339824447,0.0,8571.004418425464
2019-12-10 00:00:00 UTC,2.1431334531309423,0.0,18845613.27957019
2019-12-11 00:00:00 UTC,1.6829216072026345,0.0,14484623.38662488
2019-12-12 00:00:00 UTC,1.8760162025426836,0.0,13494263.634401461
2019-12-13 00:00:00 UTC,1.7855664209973732,0.0,9700189.15521528
2019-12-14 00:00:00 UTC,1.712355791104341,0.0,7581533.150370809
2019-12-15 00:00:00 UTC,1.9179242751600138,0.0,8850180.063270392
2019-12-16 00:00:00 UTC,1.923950478307072,0.0,8725322.131691664
2019-12-17 00:00:00 UTC,1.9160999000028467,0.0,9568592.104374588
2019-12-18 00:00:00 UTC,1.739887869892688,0.0,7189855.397990902
2019-12-19 00:00:00 UTC,1.422112192918598,0.0,6453055.193213998
2019-12-20 00:00:00 UTC,1.1717871706313638,0.0,8500929.941399
2019-12-21 00:00:00 UTC,1.234353196747583,0.0,8147185.781088798
2019-12-22 00:00:00 UTC,1.1689177758652312,0.0,5994572.568944134
2019-12-23 00:00:00 UTC,1.184142230088044,0.0,4215506.61478879
2019-12-24 00:00:00 UTC,1.2140398467811788,0.0,6723780.358642109
2019-12-25 00:00:00 UTC,1.371209047012474,0.0,4498421.531960897
2019-12-26 00:00:00 UTC,1.567163029255808,0.0,869134.7990991832
2019-12-27 00:00:00 UTC,1.4215696126702666,0.0,789225.319727895
2019-12-28 00:00:00 UTC,1.2053818229677578,0.0,565255.8896335051
2019-12-29 00:00:00 UTC,1.156963456910755,0.0,577473.7189297043
2019-12-30 00:00:00 UTC,1.142592007499253,0.0,700473.5145018974
2019-12-31 00:00:00 UTC,1.1493204959927885,0.0,662045.0685401616
2020-01-01 00:00:00 UTC,1.1781537384410887,0.0,540725.1823951717
2020-01-02 00:00:00 UTC,1.143238069838138,0.0,470669.5737986803
2020-01-03 00:00:00 UTC,1.1475306564305312,0.0,337964.8235066151
2020-01-04 00:00:00 UTC,1.1723628624956295,0.0,523378.50501586555
2020-01-05 00:00:00 UTC,1.204497389515922,0.0,572447.7513649059
2020-01-06 00:00:00 UTC,1.3063944104095204,0.0,523033.8400895085
2020-01-07 00:00:00 UTC,1.2641973436439196,0.0,601629.1012638086
2020-01-08 00:00:00 UTC,1.2920553999189348,0.0,567527.3010405477
2020-01-09 00:00:00 UTC,1.3419080976569902,0.0,552975.6331112899
2020-01-10 00:00:00 UTC,1.3048546497774622,0.0,487226.86332410877
2020-01-11 00:00:00 UTC,1.358753933550189,0.0,585323.3019935105
2020-01-12 00:00:00 UTC,1.3200415800624858,0.0,561619.4696485256
2020-01-13 00:00:00 UTC,1.2822514828368756,0.0,533880.6017395547
2020-01-14 00:00:00 UTC,1.2521299996812734,0.0,398486.6796641091
2020-01-15 00:00:00 UTC,1.020229120557078,0.0,537586.4566776324
2020-01-16 00:00:00 UTC,0.9931779322764058,0.0,644175.6343204259
2020-01-17 00:00:00 UTC,1.0242613349288505,0.0,627157.3294306885
2020-01-18 00:00:00 UTC,1.000533264459692,0.0,694692.4214625348
2020-01-19 00:00:00 UTC,0.988068191962556,0.0,677651.4940699167
2020-01-20 00:00:00 UTC,1.027462953589861,0.0,769210.0681547303
2020-01-21 00:00:00 UTC,1.054000148944092,7030094.703782882,759561.00432854
2020-01-22 00:00:00 UTC,1.155213604548725,7540872.254214194,801511.3587554481
2020-01-23 00:00:00 UTC,1.0573286402195394,6504026.747268447,734830.060696404
2020-01-24 00:00:00 UTC,1.040449305837207,6688141.918624707,740414.4312124327
2020-01-25 00:00:00 UTC,1.0009290681650358,6510582.32862228,691236.3694792683
2020-01-26 00:00:00 UTC,0.9931308126070221,6476740.400022646,524845.4311176997
2020-01-27 00:00:00 UTC,1.019523520366538,6585587.301060041,704707.9559211502
2020-01-28 00:00:00 UTC,1.1297126021114454,7409047.874990706,814532.5419492335
2020-01-29 00:00:00 UTC,1.130721494400923,7332152.180146222,690993.7162420606
2020-01-30 00:00:00 UTC,1.1158191725910518,7257180.342621956,832130.9072199778
2020-01-31 00:00:00 UTC,1.0328133803593407,6693162.118379872,803920.8810005025
2020-02-01 00:00:00 UTC,1.1089141363775392,7256270.590320873,851949.9215355172
2020-02-02 00:00:00 UTC,1.1192473968754597,7319050.065066375,785999.2707480837
2020-02-03 00:00:00 UTC,1.1885499970695166,7710797.092574571,931767.8602484505
2020-02-04 00:00:00 UTC,1.088350347593007,7054557.704188107,924975.0011277845
2020-02-05 00:00:00 UTC,1.2520213415484356,8110416.687012392,54111.182781963216
2020-02-06 00:00:00 UTC,1.2442970784821523,8068631.915037768,60073.138190602556
2020-02-07 00:00:00 UTC,1.2203490960430485,7910359.8839415815,58238.22855932699
2020-02-08 00:00:00 UTC,1.356118292858754,8782834.009211758,45026.225410869876
2020-02-09 00:00:00 UTC,1.209269251592608,7844927.642604796,52747.54946082699
2020-02-10 00:00:00 UTC,1.178539272964582,7642226.085242579,50546.84862468483
2020-02-11 00:00:00 UTC,1.1169130727472025,7262276.35879387,49668.092822870196
2020-02-12 00:00:00 UTC,1.0330124057341594,6780171.242769069,714127.6471009341
2020-02-13 00:00:00 UTC,1.143573237759518,7240148.613669043,865208.9281101861
2020-02-14 00:00:00 UTC,1.2686079791794307,8193826.476703155,1137999.8197653587
2020-02-15 00:00:00 UTC,1.7697706013713537,11497926.244732523,1117752.6701369528
2020-02-16 00:00:00 UTC,1.590678184489232,10371969.682643302,957581.5803078389
2020-02-17 00:00:00 UTC,1.5570795535232773,10112031.691637315,791180.2851424682
2020-02-18 00:00:00 UTC,1.4189165213599333,9265546.605961489,925095.3811384079
2020-02-19 00:00:00 UTC,1.6629160678444184,10791235.50864386,790830.991775342
2020-02-20 00:00:00 UTC,1.9664776689170516,12792735.979130369,1032990.8480523452
2020-02-21 00:00:00 UTC,1.8763300893891297,12098163.257866917,948437.4370082709
2020-02-22 00:00:00 UTC,2.4354059877486613,16240768.94267073,1422806.6823857196
2020-02-23 00:00:00 UTC,3.0717594840390583,19899237.573329903,1816997.8067816815
2020-02-24 00:00:00 UTC,2.73875079266633,17787319.97045842,1640423.4537300542
2020-02-25 00:00:00 UTC,3.0839500394081165,19886227.657092184,1800219.4328601935
2020-02-26 00:00:00 UTC,2.8907924576128865,18768133.084394004,1642882.1801741398
2020-02-27 00:00:00 UTC,2.4316873552717806,15783941.836610777,1606312.3820987197
2020-02-28 00:00:00 UTC,2.5954411847781924,16554522.379062697,1306619.8796893759
2020-02-29 00:00:00 UTC,2.650751007776185,17115963.03247212,1316187.7167274996
2020-03-01 00:00:00 UTC,2.8181205445545685,18180046.113139924,1349370.5044126485
2020-03-02 00:00:00 UTC,2.832893274441704,18310924.268716384,1679338.0534437012
2020-03-03 00:00:00 UTC,3.566951665817081,23026871.072570603,1843371.441841583
2020-03-04 00:00:00 UTC,3.343738605574116,21583963.006895695,1527433.4719215736
2020-03-05 00:00:00 UTC,3.279485204476445,21261766.15328248,2004730.7324347112
2020-03-06 00:00:00 UTC,2.9289724789949068,19032312.202411614,1749403.030800624
2020-03-07 00:00:00 UTC,2.729609369445884,17782395.90698662,1384968.3047966082
2020-03-08 00:00:00 UTC,2.8233452051340406,18223413.335301112,1790448.097659884
2020-03-09 00:00:00 UTC,2.7490327415995983,18156585.813611604,1685584.113828867
2020-03-10 00:00:00 UTC,2.3915108495531796,15506266.017180715,1545718.3322755704
2020-03-11 00:00:00 UTC,2.370346329856676,15323825.259360509,1461868.6175489626
2020-03-12 00:00:00 UTC,1.8938695166024548,12622518.478408588,863522.5175076189
2020-03-13 00:00:00 UTC,1.341245512272858,8697293.06077543,853257.6073654399
2020-03-14 00:00:00 UTC,1.5201779222701695,9829197.384923445,1032911.9959729022
2020-03-15 00:00:00 UTC,1.6742841023072716,10856878.454778586,926623.214663903
2020-03-16 00:00:00 UTC,1.4641065687157482,9493984.347987657,928608.4708213212
2020-03-17 00:00:00 UTC,1.447777533655139,9375381.690474167,912258.7263152252
2020-03-18 00:00:00 UTC,1.380523391872152,9065584.788255911,626457.0790032481
2020-03-19 00:00:00 UTC,1.4516516283855903,9375528.884056473,713920.2754012381
2020-03-20 00:00:00 UTC,1.8235401757062282,11844874.07890459,1911190.8844469353
2020-03-21 00:00:00 UTC,1.8548441626476606,12196853.274578882,1885120.4529791416
2020-03-22 00:00:00 UTC,1.876443053540793,12151940.390432404,1602653.6579667546
2020-03-23 00:00:00 UTC,1.8356036636145543,11902953.530733606,1748729.9681523875
2020-03-24 00:00:00 UTC,2.0516671788708365,13230207.129141882,2048624.1705751114
2020-03-25 00:00:00 UTC,2.1102859012453274,13678505.230655603,2050858.2205991417
2020-03-26 00:00:00 UTC,1.9924935349106134,12833166.441026218,2054584.5294603563
2020-03-27 00:00:00 UTC,1.935978945539043,13267891.509388896,1349341.6083085013
2020-03-28 00:00:00 UTC,1.8269386177783524,12544165.802482346,1529118.8648983825
2020-03-29 00:00:00 UTC,1.8072007998782167,12389588.952821191,1206811.4046255243
2020-03-30 00:00:00 UTC,1.7993880694888502,12350472.820437966,1034108.5117659102
2020-03-31 00:00:00 UTC,1.8717106792736693,12805365.419865914,1503747.7721026726
2020-04-01 00:00:00 UTC,1.8941180979252075,13029892.522471635,2349066.2542832764
2020-04-02 00:00:00 UTC,2.0614173665450037,13909234.426441198,1486201.5893663773
2020-04-03 00:00:00 UTC,2.3283758007078417,15958659.622122582,2701639.5886005177
2020-04-04 00:00:00 UTC,2.672773852312414,18405997.571843214,2674437.6447912217
2020-04-05 00:00:00 UTC,2.586443654976234,17828169.29748389,2429279.963988769
2020-04-06 00:00:00 UTC,2.5096603995653295,17259690.072212044,1629113.9706570215
2020-04-07 00:00:00 UTC,2.6246662282702515,18119277.66303303,1550964.64893563
2020-04-08 00:00:00 UTC,2.6956855890689946,18611387.749810975,1354221.7291750878
2020-04-09 00:00:00 UTC,2.5086535725744277,17359106.3390631,1968231.9579263697
2020-04-10 00:00:00 UTC,2.6043989104986975,17991397.76789621,1726126.203466271
2020-04-11 00:00:00 UTC,2.605060950161868,18025106.418101706,1846093.8903051799
2020-04-12 00:00:00 UTC,2.5815873491639896,19262931.916485626,2371208.1688158438
2020-04-13 00:00:00 UTC,2.6462645282919337,20118274.388168752,2373704.2314807936
2020-04-14 00:00:00 UTC,2.679673160980903,20178421.012798287,2502699.847166037
2020-04-15 00:00:00 UTC,2.8302019839326755,21263387.95944508,3125783.8863839987
2020-04-16 00:00:00 UTC,2.837737201098162,21523384.582515437,1816772.7621052335
2020-04-17 00:00:00 UTC,3.0818713561419897,23247226.628730528,2780947.0593647584
2020-04-18 00:00:00 UTC,2.96324359107825,22294619.0338317,1262162.553125866
2020-04-19 00:00:00 UTC,3.074952750221808,23316544.288048383,2213970.979208052
2020-04-20 00:00:00 UTC,3.1202831681135006,23673416.702695083,2193565.381972556
2020-04-21 00:00:00 UTC,3.26921931248791,24800824.551371254,2638121.619441368
2020-04-22 00:00:00 UTC,3.173798789156065,24073157.683681097,1321646.192105087
2020-04-23 00:00:00 UTC,3.826002052613394,29028033.66198261,1325880.3824436134
2020-04-24 00:00:00 UTC,4.536216522539641,34408842.85521429,1767846.6968511676
2020-04-25 00:00:00 UTC,4.190029104840002,31856501.7630758,1172548.0612204738
2020-04-26 00:00:00 UTC,3.9452781547187974,30060917.085965544,1228858.4080320469
2020-04-27 00:00:00 UTC,4.223300230439158,32220486.8709501,1683327.6103000983
2020-04-28 00:00:00 UTC,3.9848019509527126,30009991.773689114,1584062.6184007556
2020-04-29 00:00:00 UTC,4.131352554728143,31646179.654903065,1515651.206387725
2020-04-30 00:00:00 UTC,4.151745387255855,31679287.981023893,2855821.274784602
2020-05-01 00:00:00 UTC,4.93436254395569,37878191.08562284,3127400.884198868
2020-05-02 00:00:00 UTC,5.270874225733159,40496061.09772562,3037680.1823316743
2020-05-03 00:00:00 UTC,4.900514756336125,37580748.998862006,4116605.1063237465
2020-05-04 00:00:00 UTC,5.259989218493382,40307952.71633129,3915308.694511882
2020-05-05 00:00:00 UTC,5.719413648859363,44708322.54029409,3412750.664046911
2020-05-06 00:00:00 UTC,5.430553106587924,42047870.16745393,1940298.5346763253
2020-05-07 00:00:00 UTC,5.482874089922041,42440492.15092371,2327030.121606246
2020-05-08 00:00:00 UTC,5.758056150583655,44050622.852431655,3072482.7763058213
2020-05-09 00:00:00 UTC,5.736972332702538,44504038.27648735,2997817.9729035017
2020-05-10 00:00:00 UTC,5.932056315980383,45818528.39228058,3651954.4058448737
2020-05-11 00:00:00 UTC,6.604182905249402,51179453.41967023,3545183.2675184733
2020-05-12 00:00:00 UTC,5.7175313015151215,44916600.23546448,3281089.1663797954
2020-05-13 00:00:00 UTC,6.047454328451908,48773522.55960576,2957698.037111578
2020-05-14 00:00:00 UTC,7.276664033274497,57210825.65656577,3723934.8512581266
2020-05-15 00:00:00 UTC,7.587602513164536,60058381.877148174,5419112.390312367
2020-05-16 00:00:00 UTC,6.708338687309207,52855459.275728546,5630977.945371034
2020-05-17 00:00:00 UTC,7.045365681046439,55577964.21421493,4471706.853470424
2020-05-18 00:00:00 UTC,6.845678232444819,53847609.24600415,3903602.0202988754
2020-05-19 00:00:00 UTC,6.043667907026889,45889441.67905136,3866175.428001385
2020-05-20 00:00:00 UTC,6.165457401518723,48391508.400138125,4358192.757468099
2020-05-21 00:00:00 UTC,5.539393231055392,43450694.079818286,3351350.212388578
2020-05-22 00:00:00 UTC,5.715398778241673,45869077.62885871,3466367.451812559
2020-05-23 00:00:00 UTC,5.606528368174988,44662644.72480351,3187097.4909727485
2020-05-24 00:00:00 UTC,6.226678359820194,49614805.05276988,3726460.967774815
2020-05-25 00:00:00 UTC,6.403331096801997,50762085.51817397,3691739.334683219
2020-05-26 00:00:00 UTC,6.101378752937753,48429663.36250372,3551763.5540706064
2020-05-27 00:00:00 UTC,5.911590890828714,47501331.292331465,3453465.4188183723
2020-05-28 00:00:00 UTC,5.808721054966701,46677221.911884375,3339458.6798412926
2020-05-29 00:00:00 UTC,5.905904204760307,47341422.866261154,2967677.8478557477
2020-05-30 00:00:00 UTC,5.970903708030472,48228780.139494464,3606457.2823737552
2020-05-31 00:00:00 UTC,6.371568266385253,52835310.24882548,2576648.056525924
2020-06-01 00:00:00 UTC,6.714299090596388,54255126.55884392,4432180.83816081
2020-06-02 00:00:00 UTC,6.620257161454854,53038981.08625535,3391311.6323205824
2020-06-03 00:00:00 UTC,6.479975900062543,52249145.852445975,4667113.749433012
2020-06-04 00:00:00 UTC,6.329311182452959,51594869.71579815,3581530.2411644254
2020-06-05 00:00:00 UTC,5.81345294277517,47074093.58708625,3890703.2670855178
2020-06-06 00:00:00 UTC,5.633289876298039,45840725.546378575,2699950.331356673
2020-06-07 00:00:00 UTC,5.757464004097859,45010133.02694724,3854473.848969772
2020-06-08 00:00:00 UTC,5.305926974637235,42590766.60618938,2675988.052697999
2020-06-09 00:00:00 UTC,5.439688288990618,44059765.01398172,898258.3183827889
2020-06-10 00:00:00 UTC,5.599308071017455,45963766.63522762,3902856.394975627
2020-06-11 00:00:00 UTC,5.514356131492045,44664099.14610637,3660241.422623718
2020-06-12 00:00:00 UTC,5.25756946379304,42535126.630679496,3349538.5410599345
2020-06-13 00:00:00 UTC,5.245647336252079,42172949.25762733,1626885.300158586
2020-06-14 00:00:00 UTC,5.199657207494046,42209657.11591706,2173159.8324149814
2020-06-15 00:00:00 UTC,5.123482995750783,41501328.49577058,1762490.6003768514
2020-06-16 00:00:00 UTC,5.007439621306577,40648782.80016378,2224237.997263094
2020-06-17 00:00:00 UTC,5.2998021911706354,44009024.76369022,2112465.5589348874
2020-06-18 00:00:00 UTC,5.1499014855477485,41791257.27476293,1969535.5753480475
2020-06-19 00:00:00 UTC,5.231403157969431,42289599.132601194,2148360.6610100744
2020-06-20 00:00:00 UTC,5.0491006908471405,40769433.873044446,1825646.4205171645
2020-06-21 00:00:00 UTC,5.26414546488449,42666063.33606839,1754462.0458891187
2020-06-22 00:00:00 UTC,5.383540599452046,43001157.87299725,1855965.5894765647
2020-06-23 00:00:00 UTC,5.538506922233221,44924312.49222263,2184759.761622581
2020-06-24 00:00:00 UTC,5.534601855435867,44824272.38493469,1974117.2627600438
2020-06-25 00:00:00 UTC,5.280566013942524,42809321.288815014,1712144.3639267953
2020-06-26 00:00:00 UTC,5.249768907481822,43248056.81743443,1785400.5770301372
2020-06-27 00:00:00 UTC,5.144705715746408,41391738.0472264,1785784.2090255213
2020-06-28 00:00:00 UTC,5.204071064511522,42282278.90307749,1819725.4377048498
2020-06-29 00:00:00 UTC,5.68330837262261,46244478.28682248,2078644.3688054867
2020-06-30 00:00:00 UTC,5.9396888287306915,49257162.55182714,2405820.276332277
2020-07-01 00:00:00 UTC,6.266527602219763,50620139.50863179,2404916.0194963748
2020-07-02 00:00:00 UTC,7.044559143982897,58582868.01157433,3680838.6436824654
2020-07-03 00:00:00 UTC,7.518238202659646,61737328.71411458,1373301.357364736
2020-07-04 00:00:00 UTC,7.502838990354145,61888982.98955165,2590075.4904430658
2020-07-05 00:00:00 UTC,7.909284897112563,65755615.25107442,3252259.302909985
2020-07-06 00:00:00 UTC,8.699785492479842,72378671.47645558,3291014.1512717754
2020-07-07 00:00:00 UTC,8.357951243467959,71305931.07271454,3550379.4131573415
2020-07-08 00:00:00 UTC,8.170042735136914,68461514.06963067,3277799.712904464
2020-07-09 00:00:00 UTC,7.947195544851933,66265017.75924132,3276356.0440858756
2020-07-10 00:00:00 UTC,6.862165360039741,57209980.09373983,2908144.6993449964
2020-07-11 00:00:00 UTC,6.9287365651819535,57791656.736593954,654809.6026659608
2020-07-12 00:00:00 UTC,6.732377226321474,56269457.32907026,2672551.8859314863
2020-07-13 00:00:00 UTC,6.878863383873667,57342251.03850214,2498063.2355553135
2020-07-14 00:00:00 UTC,7.583058634399176,63547178.25653138,3230329.502602684
2020-07-15 00:00:00 UTC,7.317052879079853,61158787.9728066,2611214.086007287
2020-07-16 00:00:00 UTC,7.068845667428004,59413334.06637214,2452243.490967776
2020-07-17 00:00:00 UTC,6.9667248480348345,58717995.1661791,2338683.5899798647
2020-07-18 00:00:00 UTC,7.673674466106645,64600754.53508935,2384076.9733476653
2020-07-19 00:00:00 UTC,7.838831892643117,66132581.27235438,3172783.0728456005
2020-07-20 00:00:00 UTC,8.90635503228595,75127482.79238029,4441043.9291603165
2020-07-21 00:00:00 UTC,8.80295268365608,74023189.78069061,2725855.2326525897
2020-07-22 00:00:00 UTC,7.994794739892752,67646415.12732705,2611188.4091485026
2020-07-23 00:00:00 UTC,8.91976182409626,75217716.03702025,2878920.9356789836
2020-07-24 00:00:00 UTC,12.4310130704495,104106604.22788158,7781093.283357977
2020-07-25 00:00:00 UTC,11.616172849587963,96628509.24812794,10687815.802155823
2020-07-26 00:00:00 UTC,11.423092061055467,96899472.68254289,5819452.751732619
2020-07-27 00:00:00 UTC,10.893289396306866,92347782.93460897,3900127.9009230398
2020-07-28 00:00:00 UTC,9.326178469247967,78790308.8390553,5910794.314921135
2020-07-29 00:00:00 UTC,9.882471963529982,83234338.1137381,5111344.701362845
2020-07-30 00:00:00 UTC,9.641067578444094,81886688.9210493,4203410.98707496
2020-07-31 00:00:00 UTC,9.418685971192506,79841192.01673606,4856708.579535766
2020-08-01 00:00:00 UTC,9.251178457024228,78344850.71217337,4785187.143275754
2020-08-02 00:00:00 UTC,9.597611123867438,81530681.06364936,5367737.616568551
2020-08-03 00:00:00 UTC,9.310975174506789,78959728.60182483,5636824.330111969
2020-08-04 00:00:00 UTC,9.917754472205791,84698083.58441135,5630410.45851444
2020-08-05 00:00:00 UTC,9.133945120571976,77208065.62080522,5186901.825076268
2020-08-06 00:00:00 UTC,9.567919899516335,80913057.84146489,6442867.366583182
2020-08-07 00:00:00 UTC,11.165273424607498,100632969.85002789,11162437.128329188
2020-08-08 00:00:00 UTC,10.669298602194736,95500399.24198535,7228881.689090911
2020-08-09 00:00:00 UTC,11.239787389020455,100939814.52103697,7237388.371182958
2020-08-10 00:00:00 UTC,12.581887890467636,112389546.40428327,10086556.86104719
2020-08-11 00:00:00 UTC,13.396354071564774,120422148.10244675,11806387.681305883
2020-08-12 00:00:00 UTC,12.913042583126776,116184137.49033682,12310400.19377107
2020-08-13 00:00:00 UTC,12.987615607278626,116600442.37521926,7601930.681879931
2020-08-14 00:00:00 UTC,11.92319527339792,107071462.91190602,9436802.488389876
2020-08-15 00:00:00 UTC,12.085947590943963,108602380.19663268,6608357.933827603
2020-08-16 00:00:00 UTC,12.130114898780482,108956688.2262658,7128714.267715078
2020-08-17 00:00:00 UTC,12.05389534787668,108212372.65976913,6358956.812129605
2020-08-18 00:00:00 UTC,12.03597684976425,109115992.04534999,7403875.374538217
2020-08-19 00:00:00 UTC,11.924379091596293,107085672.05386573,9647910.48705602
2020-08-20 00:00:00 UTC,11.326331816512104,101676843.45057815,7382217.442592127
2020-08-21 00:00:00 UTC,13.559078866107846,121912007.04033986,9407572.695449572
2020-08-22 00:00:00 UTC,13.996665156010042,125597692.30365476,11699115.266289031
2020-08-23 00:00:00 UTC,16.936757767329183,152104465.65568233,18634147.865903508
2020-08-24 00:00:00 UTC,16.14077676250437,145427172.00534803,10066111.987898096
2020-08-25 00:00:00 UTC,21.052491019981353,189770158.47756597,21870035.37735076
2020-08-26 00:00:00 UTC,33.30073738479475,299337739.2497601,102909422.28290153
2020-08-27 00:00:00 UTC,28.670539889639528,256980058.89131692,40113912.25890148
2020-08-28 00:00:00 UTC,24.49920763579236,220145115.37475082,31787236.362723235
2020-08-29 00:00:00 UTC,29.089450419859915,261130877.80685633,31969157.72267308
2020-08-30 00:00:00 UTC,30.952599041979774,277635069.47315764,54488140.999893315
2020-08-31 00:00:00 UTC,30.892163683177447,279253219.0506641,46548136.820914015
2020-09-01 00:00:00 UTC,42.00530076023911,376551253.16338664,86195268.09059918
2020-09-02 00:00:00 UTC,37.34243567861693,340484426.2605064,74557697.51371741
2020-09-03 00:00:00 UTC,52.99630711667867,468437701.60558033,214265651.13717374
2020-09-04 00:00:00 UTC,40.62822286722535,365191952.85332483,126563861.13256751
2020-09-05 00:00:00 UTC,38.69514027311956,354681031.03403467,77443544.55701804
2020-09-06 00:00:00 UTC,29.6786942841823,269942611.4467448,76702609.67232935
2020-09-07 00:00:00 UTC,34.772693103501354,311168419.1404999,71229548.41079204
2020-09-08 00:00:00 UTC,32.152670965590815,289493217.58241767,52765789.751980595
2020-09-09 00:00:00 UTC,28.85139733711515,259634017.14887518,37888489.84685313
2020-09-10 00:00:00 UTC,31.010377810155042,279985019.36268705,37718889.49520233
2020-09-11 00:00:00 UTC,29.983070976808467,270014059.58945155,44423123.61069063
2020-09-12 00:00:00 UTC,28.877782817759176,259143613.5726535,38732366.58836458
2020-09-13 00:00:00 UTC,31.960119701702833,287023205.80830526,47671719.59163479
2020-09-14 00:00:00 UTC,35.81501762259272,324115465.9956223,72429573.79301369
2020-09-15 00:00:00 UTC,36.39897373425792,326940819.11166435,72393530.09435508
2020-09-16 00:00:00 UTC,35.31185879096693,316643950.4827979,65957265.23356565
2020-09-17 00:00:00 UTC,38.54214419625326,345538616.2966096,61306369.635864586
2020-09-18 00:00:00 UTC,42.56888847453458,382343539.5093337,90404911.35264905
2020-09-19 00:00:00 UTC,40.76088487474793,365333507.5195347,64617096.94108808
2020-09-20 00:00:00 UTC,39.99257936956495,359239727.139247,52677658.41502906
2020-09-21 00:00:00 UTC,36.15365022503779,324285268.5832713,57983638.1755654
2020-09-22 00:00:00 UTC,29.314292659729105,265979487.81061503,53344083.62600453
2020-09-23 00:00:00 UTC,30.679293170534468,275617554.2043149,43131736.97278434
2020-09-24 00:00:00 UTC,30.378071296184917,272954637.6405257,51948122.95779211
2020-09-25 00:00:00 UTC,33.8003002880171,303639328.68184227,44772883.14104103
2020-09-26 00:00:00 UTC,34.30756213202423,307767928.8689141,34401551.54515636
2020-09-27 00:00:00 UTC,33.233252431988376,298594111.27265346,24639753.263814278
2020-09-28 00:00:00 UTC,31.84094196544949,285496004.5447648,30019171.696341157
2020-09-29 00:00:00 UTC,31.219290303991123,279887632.4626605,36718003.11952672
2020-09-30 00:00:00 UTC,32.76147050170167,291637412.5121047,23328202.96000698
2020-10-01 00:00:00 UTC,31.239739399988377,281904835.6821782,22871369.048572935
2020-10-02 00:00:00 UTC,31.326953550115437,281155268.4655061,30513810.797228336
2020-10-03 00:00:00 UTC,29.68112425146604,266492563.10325107,27804117.163875967
2020-10-04 00:00:00 UTC,29.749374410466853,267265864.52734563,17958993.13123722
2020-10-05 00:00:00 UTC,29.253571284993352,261579241.69457275,21137836.845997844
2020-10-06 00:00:00 UTC,29.031727984047304,260719300.7462932,16184460.216707991
2020-10-07 00:00:00 UTC,25.335647008539635,227843642.0685387,17384452.402613923
2020-10-08 00:00:00 UTC,24.21887121752887,217831784.5190467,24034064.486412577
2020-10-09 00:00:00 UTC,25.44635218843922,228789755.41971058,33866909.826044045
2020-10-10 00:00:00 UTC,26.82041690895708,240854931.79034063,24531584.896498695
2020-10-11 00:00:00 UTC,26.979390824914184,242783208.3068562,25845844.957558107
2020-10-12 00:00:00 UTC,26.542952233280495,238318994.7312394,20288951.97107972
2020-10-13 00:00:00 UTC,29.19195204166038,261993526.83889797,27586367.219539315
2020-10-14 00:00:00 UTC,28.039838714160286,252238521.468306,20748330.056243155
2020-10-15 00:00:00 UTC,28.444949118745907,255389296.77860084,27900006.795365192
2020-10-16 00:00:00 UTC,26.825392043629133,241272985.1662744,16995322.18310528
2020-10-17 00:00:00 UTC,25.652463148135187,230354125.9008232,18489498.479252808
2020-10-18 00:00:00 UTC,26.73193712210168,240091710.73645347,15326448.258016337
2020-10-19 00:00:00 UTC,28.41256840775983,254574722.56051156,15683959.279547578
2020-10-20 00:00:00 UTC,26.494618622781765,237601159.74491042,18239547.84190021
2020-10-21 00:00:00 UTC,25.215463611749865,226618858.5118861,22094704.466896378
2020-10-22 00:00:00 UTC,25.163963413455356,225193961.2032854,19727001.641640622
2020-10-23 00:00:00 UTC,25.601594246653317,230014224.49689078,20615688.495137356
2020-10-24 00:00:00 UTC,25.309528619630967,227172330.34521392,22709277.310303804
2020-10-25 00:00:00 UTC,24.463519555426334,219541039.8954556,17644537.1246478
2020-10-26 00:00:00 UTC,24.14717235227286,216867943.18103644,24659379.117273744
2020-10-27 00:00:00 UTC,31.986813646212784,287790632.52826804,96693337.5418137
2020-10-28 00:00:00 UTC,31.19736834232838,280603684.7375689,56323573.88456178
2020-10-29 00:00:00 UTC,28.70524937258973,256954279.55495045,46887230.88801724
2020-10-30 00:00:00 UTC,27.42148565465871,246479610.87677774,29150592.470467888
2020-10-31 00:00:00 UTC,27.15432995171796,243774262.80574527,25835719.82467302
2020-11-01 00:00:00 UTC,27.853620176449155,250057343.77999467,22463342.336487938
2020-11-02 00:00:00 UTC,29.452243534448858,264543902.3382371,23855346.295929216
2020-11-03 00:00:00 UTC,27.541817001274758,247628248.50627503,26168608.642683007
2020-11-04 00:00:00 UTC,26.328335105365053,236276432.74870905,17720008.862510562
2020-11-05 00:00:00 UTC,26.118312842049342,233741889.35559,20940005.220029034
2020-11-06 00:00:00 UTC,27.464989021409306,246483937.07988054,22749497.258526467
2020-11-07 00:00:00 UTC,29.552109650471927,265430168.80549502,32680391.94680972
2020-11-08 00:00:00 UTC,28.168666111402118,254179332.1318419,36341727.1791906
2020-11-09 00:00:00 UTC,29.66810681716189,266834107.07642925,28728398.536282994
2020-11-10 00:00:00 UTC,30.210196725262477,271175296.6916339,29434915.489432856
2020-11-11 00:00:00 UTC,32.122479697627305,289084698.27186704,23056584.036273148
2020-11-12 00:00:00 UTC,32.640267024193385,293221325.3602763,34785021.65742628
2020-11-13 00:00:00 UTC,34.76613785359672,313772423.72822386,32703800.277233947
2020-11-14 00:00:00 UTC,35.27616161712208,316581963.2092739,24167408.403157417
2020-11-15 00:00:00 UTC,33.87513884392246,304403450.40809244,26038244.103003323
2020-11-16 00:00:00 UTC,32.21121451968647,289483282.070714,24303733.08141703
2020-11-17 00:00:00 UTC,33.029589175488674,296870333.4963064,23825676.29312699
2020-11-18 00:00:00 UTC,34.52888993903814,309866334.8504853,26361085.417901173
2020-11-19 00:00:00 UTC,32.478291804379865,291769876.2364959,27708357.29722283
2020-11-20 00:00:00 UTC,32.00854708015048,287369486.7988542,26778144.564944778
2020-11-21 00:00:00 UTC,34.26247212223356,308023977.7642004,38319662.39899071
2020-11-22 00:00:00 UTC,36.74344608654414,329503311.5258675,35246245.4569025
2020-11-23 00:00:00 UTC,35.22535136702633,320356614.37167066,33414444.441314097
2020-11-24 00:00:00 UTC,36.757429876870916,327126713.00957173,29642968.937002033
2020-11-25 00:00:00 UTC,43.72734433928678,391288930.0327932,98409682.31981885
2020-11-26 00:00:00 UTC,38.60368823466502,342741654.6095816,41956551.27673311
2020-11-27 00:00:00 UTC,44.2479439068892,396002952.0577158,114321152.72512406
2020-11-28 00:00:00 UTC,40.95040944517185,367217386.00358665,56379476.980089106
2020-11-29 00:00:00 UTC,40.92776182916132,367777279.4537568,36547601.88837393
2020-11-30 00:00:00 UTC,47.820509480290895,427215483.9304486,73860099.10983329
2020-12-01 00:00:00 UTC,47.17723009009214,425133987.89263093,66020867.86846825
2020-12-02 00:00:00 UTC,48.772456452965535,436792691.32032806,69982350.1489737
2020-12-03 00:00:00 UTC,55.635243664295196,500290157.95865405,100995963.15491326
2020-12-04 00:00:00 UTC,52.616878179789786,468443556.7320491,73141317.57180591
2020-12-05 00:00:00 UTC,45.49798005592348,407356367.6867332,82649737.44363274
2020-12-06 00:00:00 UTC,49.687969493075585,446898702.4928336,73179981.51480713
2020-12-07 00:00:00 UTC,46.604406082759844,417552298.0525122,45976900.18609045
2020-12-08 00:00:00 UTC,47.690726667420115,427664659.6185687,42587832.45425611
2020-12-09 00:00:00 UTC,41.09979680397682,371031701.08262736,61154496.795848876
2020-12-10 00:00:00 UTC,43.650855095203674,391845554.0234863,77115513.99456412
2020-12-11 00:00:00 UTC,41.663343913700416,375343181.9141867,49602438.437001735
2020-12-12 00:00:00 UTC,40.167818668415116,361292859.4412071,55812989.546644785
2020-12-13 00:00:00 UTC,42.93922785652584,385549855.06070966,50049603.40176438
2020-12-14 00:00:00 UTC,44.98698602164467,403513418.65873027,54737326.67675612
2020-12-15 00:00:00 UTC,44.76123202390731,402965500.003962,51763764.07106687
2020-12-16 00:00:00 UTC,50.44711543241405,453935850.20932186,76708996.77256498
2020-12-17 00:00:00 UTC,50.59340365131124,455446236.30889624,78962391.22302519
2020-12-18 00:00:00 UTC,51.463025412264436,459577941.24723303,78251622.78796872
2020-12-19 00:00:00 UTC,50.77847940913547,455546986.1127365,64279041.2554556
2020-12-20 00:00:00 UTC,49.250924350456266,442207388.5959368,55788277.70281948
2020-12-21 00:00:00 UTC,47.38225267536457,426776836.80783516,58685661.56650319
2020-12-22 00:00:00 UTC,44.50669972847637,402934590.2952528,55316799.17467405
2020-12-23 00:00:00 UTC,48.20094918639567,433421714.4353411,83449761.04669292
2020-12-24 00:00:00 UTC,42.41733116400224,383564584.7841275,82527774.74766888
2020-12-25 00:00:00 UTC,46.67202824754177,419393773.64685434,73156493.88859896
2020-12-26 00:00:00 UTC,44.73938165290212,402029093.49605715,52996347.863947056
2020-12-27 00:00:00 UTC,42.91799190565756,387458195.7629724,63866836.94401984
2020-12-28 00:00:00 UTC,44.79221395382701,404817007.4461616,80517283.94549724
2020-12-29 00:00:00 UTC,51.819196954996,463973945.7405133,86013414.01733889
2020-12-30 00:00:00 UTC,54.35297254537997,491675609.2043555,122118315.06839034
2020-12-31 00:00:00 UTC,54.80894218502813,491936791.21131235,109409177.11616759
2021-01-01 00:00:00 UTC,64.13542494374803,584615355.8491231,138915716.4517423
2021-01-02 00:00:00 UTC,61.752954927400864,553932856.2993693,101751017.44013473
2021-01-03 00:00:00 UTC,61.611112507572074,554790447.8396102,112639538.5491127
2021-01-04 00:00:00 UTC,63.965698792636644,576391963.429917,109928896.36087494
2021-01-05 00:00:00 UTC,58.73061695900215,527786369.7912234,119856409.9527707
2021-01-06 00:00:00 UTC,59.74641017428698,534563923.2000925,93074932.55286501
2021-01-07 00:00:00 UTC,65.82847307983391,595279793.6476842,128755191.64761846
2021-01-08 00:00:00 UTC,60.92797392159131,540603639.7461488,116564887.6424713
2021-01-09 00:00:00 UTC,60.97732059664628,545517805.191724,75680372.90589285
2021-01-10 00:00:00 UTC,61.38656836795389,554871261.4650667,79247731.8520861
2021-01-11 00:00:00 UTC,63.25105822221738,566855884.5281613,115221757.55262983
2021-01-12 00:00:00 UTC,57.384703851912356,512819724.62882644,121366133.14344196
2021-01-13 00:00:00 UTC,55.56157588693266,500576148.21903634,73135891.91724361
2021-01-14 00:00:00 UTC,68.14368938834018,609045751.8222811,157034486.13582063
2021-01-15 00:00:00 UTC,77.84725810387766,702305726.46001,152339788.4046026
2021-01-16 00:00:00 UTC,74.48320479908185,671581698.0846275,154478228.33919746
2021-01-17 00:00:00 UTC,92.7951718148455,832818043.286933,208300170.0018947
2021-01-18 00:00:00 UTC,91.56471353081773,832662854.611975,205697322.16299224
2021-01-19 00:00:00 UTC,97.2066131268615,876057151.6858093,241182498.10052612
2021-01-20 00:00:00 UTC,90.77639390602505,816684751.2420818,123858940.08616896
2021-01-21 00:00:00 UTC,94.62189060894866,849026153.7898782,174444065.90954491
2021-01-22 00:00:00 UTC,83.39254258285384,760118636.8583668,164068184.9555194
2021-01-23 00:00:00 UTC,92.2500155752339,826075394.6922435,173957225.23805633
2021-01-24 00:00:00 UTC,95.16036913217592,851655155.2918668,142400785.10744676
2021-01-25 00:00:00 UTC,91.93353286982746,829365005.9423147,124341997.36199501
2021-01-26 00:00:00 UTC,88.1923740427057,794862294.9409721,113763355.21076822
2021-01-27 00:00:00 UTC,90.18469684073291,805568753.2532997,113131449.52688389
2021-01-28 00:00:00 UTC,84.75587728358852,761344688.9939877,112666495.17587322
2021-01-29 00:00:00 UTC,101.14132867026281,917466558.931268,160512696.99027202
2021-01-30 00:00:00 UTC,94.95083898229943,850519583.0673586,136623287.47597665
2021-01-31 00:00:00 UTC,89.7764213295051,807138087.653253,116670871.57366174
2021-02-01 00:00:00 UTC,87.35852569725635,783452800.9694211,108681673.1626851
2021-02-02 00:00:00 UTC,90.1649933732817,808956592.5798696,111644844.08338723
2021-02-03 00:00:00 UTC,94.26747541673367,856546594.6934903,129318307.74383801
2021-02-04 00:00:00 UTC,108.58234098735456,977171989.437891,186782931.21611154
2021-02-05 00:00:00 UTC,104.33931536058275,940759942.5013859,171797442.0089648
2021-02-06 00:00:00 UTC,107.95104055185584,963511416.2953111,168627880.9117806
2021-02-07 00:00:00 UTC,101.13898676863974,907207642.9214624,144348946.88807252
2021-02-08 00:00:00 UTC,102.67809823541765,920831603.3484986,148606226.81986862
2021-02-09 00:00:00 UTC,120.89887178698997,1083972776.0922444,209402588.67883623
2021-02-10 00:00:00 UTC,116.7617126495416,1049216546.2836814,168691541.52074817
2021-02-11 00:00:00 UTC,114.8376185664528,1033646674.6636539,164208609.1997641
2021-02-12 00:00:00 UTC,126.65576174112513,1144652796.4744127,198306841.44957584
2021-02-13 00:00:00 UTC,136.9788067350098,1226231489.3679135,185135451.8267834
2021-02-14 00:00:00 UTC,143.6229159055272,1280008786.593296,219893900.0066451
2021-02-15 00:00:00 UTC,141.72665856359384,1276041928.1443894,195136404.78471383
2021-02-16 00:00:00 UTC,167.80555738886954,1508295984.831792,505011358.87264836
2021-02-17 00:00:00 UTC,185.86311977173824,1648503589.443622,449471291.0148598
2021-02-18 00:00:00 UTC,216.08520696013957,1939535459.1648996,426834920.41435754
2021-02-19 00:00:00 UTC,201.4695466433335,1811890794.3827434,296674136.764908
2021-02-20 00:00:00 UTC,203.2412701429334,1813650371.7836804,367766466.74613285
2021-02-21 00:00:00 UTC,201.78987663630423,1784013596.5657585,404547855.4263723
2021-02-22 00:00:00 UTC,201.9343482493082,1811863142.9739335,232711927.77699196
2021-02-23 00:00:00 UTC,245.46842122901995,2181632733.47189,837404410.4404216
2021-02-24 00:00:00 UTC,216.34596155675197,1928063138.1927776,724649903.2198086
2021-02-25 00:00:00 UTC,219.97562992998778,1978380090.2132292,417529827.72444963
2021-02-26 00:00:00 UTC,203.05849552266537,1840704298.0223835,308599862.3964383
2021-02-27 00:00:00 UTC,197.10911039656614,1783153738.8785017,368444363.9667868
2021-02-28 00:00:00 UTC,209.7062574473912,1874454700.2732897,271933802.3429063
2021-03-01 00:00:00 UTC,192.38944515852515,1748379588.8062859,318870498.7468733
2021-03-02 00:00:00 UTC,209.28302449354317,1866976795.869969,260487455.59969217
2021-03-03 00:00:00 UTC,221.26206450321843,2001148154.141212,287409030.6978159
2021-03-04 00:00:00 UTC,226.98106013684585,2048538536.5843132,261387616.04639655
2021-03-05 00:00:00 UTC,219.85514397218205,1974942811.0047336,236952771.93978617
2021-03-06 00:00:00 UTC,212.39606729141977,1903005906.3244393,229927156.55480874
2021-03-07 00:00:00 UTC,213.51285000167118,1917366333.0982444,181313995.40967646
2021-03-08 00:00:00 UTC,218.06566700240307,1954667159.473019,164614277.3031608
2021-03-09 00:00:00 UTC,226.83029288391515,2033270678.7174819,190282114.91545624
2021-03-10 00:00:00 UTC,268.8811167565399,2411938059.5816355,356395140.7001901
2021-03-11 00:00:00 UTC,282.55001974946185,2546063945.9214754,468848042.6763961
2021-03-12 00:00:00 UTC,306.2945554697564,2757290130.359247,400594306.0669107
2021-03-13 00:00:00 UTC,293.582791414926,2639667729.107471,338852598.01640743
2021-03-14 00:00:00 UTC,292.7655986909467,2633087079.7790246,269072646.68207204
2021-03-15 00:00:00 UTC,281.19496033702586,2514817475.4027066,212688297.2040453
2021-03-16 00:00:00 UTC,287.8766180235602,2595963108.87684,360400566.4071918
2021-03-17 00:00:00 UTC,296.39707817785376,2661116036.972916,349591508.5804923
2021-03-18 00:00:00 UTC,321.4252643275251,2848488576.266551,303312501.28319293
2021-03-19 00:00:00 UTC,341.8642448393736,3083690064.2471967,513739660.40788656
2021-03-20 00:00:00 UTC,358.81504446264677,3219126304.857272,448131338.8582188
2021-03-21 00:00:00 UTC,364.90209911250673,3280620348.8970194,308519332.2249885
2021-03-22 00:00:00 UTC,372.99699018602973,3363784476.087198,356730903.60462517
2021-03-23 00:00:00 UTC,404.89519431364505,3688619546.9721074,512715962.2106231
2021-03-24 00:00:00 UTC,395.67590609645055,3562123664.184272,448985298.8365407
2021-03-25 00:00:00 UTC,396.95893722831784,3644320597.883919,561835762.1503973
2021-03-26 00:00:00 UTC,384.2023950395023,3441773684.32898,681664839.250434
2021-03-27 00:00:00 UTC,426.3733408918348,3814295705.337025,405599216.1815875
2021-03-28 00:00:00 UTC,443.29016309203155,3985366018.248071,582295109.9709593
2021-03-29 00:00:00 UTC,482.13995613636143,4341752964.491834,456182892.24072623
2021-03-30 00:00:00 UTC,514.4839632111593,4618006373.115152,603898788.329616
2021-03-31 00:00:00 UTC,510.06838544433674,4587196090.494913,408848709.0519574
2021-04-01 00:00:00 UTC,469.2394961184448,4207196760.847333,569907162.112561
2021-04-02 00:00:00 UTC,437.1510083202286,3926458809.9207215,609188424.2740825
2021-04-03 00:00:00 UTC,425.2370671420437,3840340245.563249,566221494.6427311
2021-04-04 00:00:00 UTC,415.26950145634333,3745668940.342711,539544806.6187646
2021-04-05 00:00:00 UTC,420.1423483552693,3770948272.713281,319290519.03685063
2021-04-06 00:00:00 UTC,432.1778576642832,3880395004.166534,371142192.7538607
2021-04-07 00:00:00 UTC,410.86897825989007,3712817845.4763885,385666613.7435895
2021-04-08 00:00:00 UTC,398.50855782924106,3611184091.330901,527410369.560896
2021-04-09 00:00:00 UTC,426.05812850671896,3836108601.398451,369332339.91962916
2021-04-10 00:00:00 UTC,416.4853421672357,3736920885.4907794,253024611.9525149
2021-04-11 00:00:00 UTC,417.2403846235356,3738712935.892324,253736809.63515946
2021-04-12 00:00:00 UTC,406.81727679313775,3653896238.6281257,190508618.987648
2021-04-13 00:00:00 UTC,390.64387887687354,3510279014.0198402,288725749.65342396
2021-04-14 00:00:00 UTC,399.74944257148314,3586971953.4030075,257970005.04354164
2021-04-15 00:00:00 UTC,419.20918176757255,3765744474.226609,461646879.9581917
2021-04-16 00:00:00 UTC,437.7528104466093,3904853229.9432116,331227125.3047816
2021-04-17 00:00:00 UTC,412.4145950047267,3706144988.437724,324817096.28852814
2021-04-18 00:00:00 UTC,422.5367434169985,3793645138.7806644,295995236.85373634
2021-04-19 00:00:00 UTC,374.90328480942566,3377457332.8586535,465261163.44604075
2021-04-20 00:00:00 UTC,337.41803210696025,3033352664.0823026,305539271.4783244
2021-04-21 00:00:00 UTC,349.8094270479773,3075047957.273734,472204156.07119536
2021-04-22 00:00:00 UTC,322.70121853737953,2921316377.7402077,272734921.19265586
2021-04-23 00:00:00 UTC,322.98566894811944,2918507690.157487,327660884.9717672
2021-04-24 00:00:00 UTC,305.0846286772437,2733936255.982921,402206397.2079971
2021-04-25 00:00:00 UTC,277.22022508428813,2493502414.645401,202180057.06912452
2021-04-26 00:00:00 UTC,289.15547272833174,2598943794.712835,198533690.8166683
2021-04-27 00:00:00 UTC,360.4570674475047,3224525703.788753,350774195.85191274
2021-04-28 00:00:00 UTC,362.1544295310174,3262216248.2565885,285723731.3204857
2021-04-29 00:00:00 UTC,357.47331379101325,3202966055.7920685,259146392.66105047
2021-04-30 00:00:00 UTC,349.9447761359678,3137914846.536207,235552659.01024944
2021-05-01 00:00:00 UTC,372.1171029273036,3337039225.586205,283553183.5659496
2021-05-02 00:00:00 UTC,384.32052467985005,3446659828.0062547,206370170.60591397
2021-05-03 00:00:00 UTC,377.55253246070083,3366615242.358491,260035845.84276724
2021-05-04 00:00:00 UTC,385.69406486942944,3449143107.694169,242951616.29487178
2021-05-05 00:00:00 UTC,354.65328804366277,3231627608.298339,317373653.83057815
2021-05-06 00:00:00 UTC,392.4338575128852,3528242927.239868,250508429.5891807
2021-05-07 00:00:00 UTC,403.4096816496975,3616065240.6940937,327798982.98492813
2021-05-08 00:00:00 UTC,390.01393636677636,3503248679.6014004,284741785.4211918
2021-05-09 00:00:00 UTC,392.07447135976224,3515489041.6841736,244915291.63825008
2021-05-10 00:00:00 UTC,404.42167837783137,3643771725.376981,214391669.78450888
2021-05-11 00:00:00 UTC,373.2384980123152,3358071424.378286,270963119.8361016
2021-05-12 00:00:00 UTC,397.5586358609328,3561894917.27624,237916853.13763297
2021-05-13 00:00:00 UTC,427.22540043049275,3981889961.958714,711722166.366749
2021-05-14 00:00:00 UTC,481.9214735044716,4310731486.989607,1476917701.5508988
2021-05-15 00:00:00 UTC,531.0508594340557,4729582170.568562,664073225.7923558
2021-05-16 00:00:00 UTC,487.7076784202965,4372475731.399944,666895455.1457686
2021-05-17 00:00:00 UTC,490.2554387888709,4380260241.921287,585409929.0253116
2021-05-18 00:00:00 UTC,519.6605580683683,4692044695.609096,842895262.6952167
2021-05-19 00:00:00 UTC,535.0072951438513,4839055990.785483,628081376.0869449
2021-05-20 00:00:00 UTC,318.08454019512965,2983422420.6018553,896817830.5481489
2021-05-21 00:00:00 UTC,347.32033521021395,3111257135.9435234,784679348.9606924
2021-05-22 00:00:00 UTC,300.4035386121749,2654605718.373334,633201281.8884124
2021-05-23 00:00:00 UTC,283.6154590745779,2539091298.63997,332859412.9029891
2021-05-24 00:00:00 UTC,236.38391156982573,2108428749.0240405,449453607.3688635
2021-05-25 00:00:00 UTC,310.34026053064923,2753582219.445274,425222194.4736424
2021-05-26 00:00:00 UTC,287.03076270661427,2583347819.7346387,431668400.9933848
2021-05-27 00:00:00 UTC,307.31011151292876,2751087035.951921,324168411.92818487
2021-05-28 00:00:00 UTC,282.4896942828865,2547460816.7235622,230478032.17379352
2021-05-29 00:00:00 UTC,260.13321793447915,2336879628.191608,302603757.70605534
2021-05-30 00:00:00 UTC,268.25732907095124,2415795152.800419,211668934.15323097
2021-05-31 00:00:00 UTC,279.3504520127833,2516797835.355853,226018441.82547072
2021-06-01 00:00:00 UTC,333.5888718331843,3018905078.966166,306125778.7597481
2021-06-02 00:00:00 UTC,330.03544719619094,2967292499.006954,285541080.47623885
2021-06-03 00:00:00 UTC,404.49685830504706,3651965499.4655166,492965479.54397047
2021-06-04 00:00:00 UTC,422.45230111458886,3807147675.0808535,433785180.9682714
2021-06-05 00:00:00 UTC,376.2325407019871,3360329941.07558,540548661.3672183
2021-06-06 00:00:00 UTC,361.48603811629295,3240843798.015216,330670005.2201101
2021-06-07 00:00:00 UTC,375.34521990203496,3367503417.2159843,184297784.18430945
2021-06-08 00:00:00 UTC,338.2195437312305,3076541180.869454,291686427.3707048
2021-06-09 00:00:00 UTC,374.0680704805165,3375179260.856899,638779264.8806329
2021-06-10 00:00:00 UTC,461.176138879588,4120511158.872157,690486305.0511835
2021-06-11 00:00:00 UTC,424.27957653062015,3810272651.8347507,761890043.495988
2021-06-12 00:00:00 UTC,372.5129589197198,3336156019.533982,409720963.21783763
2021-06-13 00:00:00 UTC,359.0881052494935,3243846687.973419,386941586.1302959
2021-06-14 00:00:00 UTC,391.58487158732436,3505651252.7444882,339245564.9323136
2021-06-15 00:00:00 UTC,387.42898893068065,3482705045.994076,393720199.09549147
2021-06-16 00:00:00 UTC,349.9150871009964,3145592171.6236997,326085401.21840876
2021-06-17 00:00:00 UTC,329.3072994577337,2949900301.3079515,325706657.3607499
2021-06-18 00:00:00 UTC,320.58209050991445,2860555198.8356237,218707235.2065057
2021-06-19 00:00:00 UTC,290.89034827801976,2612615811.8104377,253989454.6037261
2021-06-20 00:00:00 UTC,278.5986172934834,2499700135.4944053,185935095.2514702
2021-06-21 00:00:00 UTC,278.65854511255145,2501617442.4416018,248027590.42017427
2021-06-22 00:00:00 UTC,194.25100203157263,1792906159.131221,335164185.9146118
2021-06-23 00:00:00 UTC,166.16766752936914,1486572170.7502398,436370878.9147569
2021-06-24 00:00:00 UTC,187.367646948886,1681122660.0045395,297719956.58359367
2021-06-25 00:00:00 UTC,188.66094480368167,1697741787.494775,216574828.1690102
2021-06-26 00:00:00 UTC,163.18595040218867,1471674509.274944,211002164.0611412
2021-06-27 00:00:00 UTC,155.87254907695112,1394221122.4645534,190088503.26941326
2021-06-28 00:00:00 UTC,163.48383559274149,1472066154.4782698,150080446.28174633
2021-06-29 00:00:00 UTC,200.29828614184282,1798144893.113108,372142678.17233217
2021-06-30 00:00:00 UTC,196.37468990588349,1767571134.6894705,358640661.64871013
2021-07-01 00:00:00 UTC,197.95874831033564,1777847252.3409796,299905705.24375486
2021-07-02 00:00:00 UTC,185.80798866648595,1666462270.3127267,196898733.33984545
2021-07-03 00:00:00 UTC,190.68172486697685,1700249762.2662034,136279854.64351353
2021-07-04 00:00:00 UTC,190.5616411309892,1703176880.7919326,121100954.25689816
2021-07-05 00:00:00 UTC,195.09781510932086,1752859935.8637567,138633573.56160182
2021-07-06 00:00:00 UTC,183.9577117760333,1652082770.935213,132798402.3933673
2021-07-07 00:00:00 UTC,206.56866154161392,1850591691.183774,170217731.96721026
2021-07-08 00:00:00 UTC,219.45350604748137,1977836558.701896,326117127.64136785
2021-07-09 00:00:00 UTC,194.7931759441056,1748396998.8225083,195928248.80073693
2021-07-10 00:00:00 UTC,195.66616827946424,1755383608.6976364,120439099.47925103
2021-07-11 00:00:00 UTC,190.92600581751609,1715616653.0732021,94581866.78605838
2021-07-12 00:00:00 UTC,192.5579444347735,1728598635.8734658,83471459.66175166
2021-07-13 00:00:00 UTC,184.74808489422895,1657946583.8070474,102877182.58126298
2021-07-14 00:00:00 UTC,175.98817102521676,1588691984.4635067,86792897.81738378
2021-07-15 00:00:00 UTC,171.53416622114256,1539595348.6102037,104422704.88157575
2021-07-16 00:00:00 UTC,183.83582458353018,1650401904.1186905,180541592.9039898
2021-07-17 00:00:00 UTC,166.16401484195694,1489497773.1666758,105567734.66656324
2021-07-18 00:00:00 UTC,163.215010339873,1468404880.5580943,82901991.47578183
2021-07-19 00:00:00 UTC,168.5051258886276,1510334694.731743,66280982.61878905
2021-07-20 00:00:00 UTC,152.32007706828904,1371589792.7533956,88004379.65936355
2021-07-21 00:00:00 UTC,138.0677430725793,1238578265.6724894,111100121.33580358
2021-07-22 00:00:00 UTC,160.8026917800586,1438591153.766656,146873809.7994221
2021-07-23 00:00:00 UTC,161.98900935387212,1455413492.60933,123268872.11911254
2021-07-24 00:00:00 UTC,162.5299339870206,1453657871.4039552,114142084.29409134
2021-07-25 00:00:00 UTC,171.16198482639044,1536212532.0970151,126437636.40590027
2021-07-26 00:00:00 UTC,170.48823707159556,1528452816.1997995,124819680.77725562
2021-07-27 00:00:00 UTC,168.79509845152538,1519481347.469298,196355578.7557822
2021-07-28 00:00:00 UTC,169.10120348820018,1512703455.522508,117749752.16936813
2021-07-29 00:00:00 UTC,170.34940944761058,1529520394.7949376,106673656.08204527
2021-07-30 00:00:00 UTC,172.395846716995,1554583930.203763,101564250.55404776
2021-07-31 00:00:00 UTC,176.5096902349694,1588192755.8849275,109080878.83944091
2021-08-01 00:00:00 UTC,180.72943254841175,1625627576.6075492,121353825.34080903
2021-08-02 00:00:00 UTC,186.6717350944247,1674849571.6479619,223487504.55572042
2021-08-03 00:00:00 UTC,187.05331573129791,1680479695.9286509,107739982.30840673
2021-08-04 00:00:00 UTC,183.04349844279943,1644339058.3003995,100174832.62182239
2021-08-05 00:00:00 UTC,195.0283446341698,1749367290.36771,106473676.12033562
2021-08-06 00:00:00 UTC,195.39157111326003,1757320791.7754858,116854076.765684
2021-08-07 00:00:00 UTC,208.95069520040306,1881818386.0062883,173002984.5570684
2021-08-08 00:00:00 UTC,214.029192724251,1921316431.6121628,179733048.38018894
2021-08-09 00:00:00 UTC,197.2211651008287,1773090934.3520086,139504501.5643733
2021-08-10 00:00:00 UTC,203.06502505610908,1800645621.4378269,154232102.06845927
2021-08-11 00:00:00 UTC,223.12599894148755,1999144794.77385,250794933.6402163
2021-08-12 00:00:00 UTC,247.6002333570042,2223859238.093445,343499143.56196517
2021-08-13 00:00:00 UTC,240.02597950946873,2147608753.409085,215686441.71922082
2021-08-14 00:00:00 UTC,257.5124894356824,2305228099.084846,196882041.48316222
2021-08-15 00:00:00 UTC,249.51935594079657,2243411493.213783,169857312.76817065
2021-08-16 00:00:00 UTC,249.4242210483713,2238900875.4403095,143542315.14453843
2021-08-17 00:00:00 UTC,274.3291796649776,2525324464.0314894,370972421.4937121
2021-08-18 00:00:00 UTC,253.39666635178762,2294409589.3167567,303187843.3954041
2021-08-19 00:00:00 UTC,262.50581597943665,2372307245.9790335,267180432.29804876
2021-08-20 00:00:00 UTC,304.076220987065,2734074325.156568,431475304.15499175
2021-08-21 00:00:00 UTC,316.8189349283796,2842657368.786539,311924640.7164351
2021-08-22 00:00:00 UTC,302.3714259227702,2724945946.6591043,197110542.72344327
2021-08-23 00:00:00 UTC,303.17339602212024,2731194062.4802876,171332849.54445776
2021-08-24 00:00:00 UTC,299.96844714285936,2699219569.658867,171009481.05687344
2021-08-25 00:00:00 UTC,273.74279274864926,2460082827.2971034,205980763.43859982
2021-08-26 00:00:00 UTC,277.40563490779084,2491323640.021703,164216551.06293315
2021-08-27 00:00:00 UTC,259.7717852827718,2335195854.3496237,195075536.30521414
2021-08-28 00:00:00 UTC,278.3846441145102,2519029699.216758,269886904.73315436
2021-08-29 00:00:00 UTC,278.757603249359,2498027744.6874924,167684437.45367813
2021-08-30 00:00:00 UTC,270.83058767780466,2423818060.003979,266570655.54475167
2021-08-31 00:00:00 UTC,274.5726899810507,2457864826.8071017,362494303.05625093
2021-09-01 00:00:00 UTC,366.06525089205775,3289478840.98736,950401778.7495543
2021-09-02 00:00:00 UTC,355.90004169579146,3207334965.686869,531547114.57582325
2021-09-03 00:00:00 UTC,369.1996152073152,3272601751.9490013,342853072.75939494
2021-09-04 00:00:00 UTC,370.0623152235154,3319292709.6636744,317646006.03203225
2021-09-05 00:00:00 UTC,364.43896797414436,3277095061.290001,203032443.25873768
2021-09-06 00:00:00 UTC,367.2037420892352,3294285542.875719,193587818.73980302
2021-09-07 00:00:00 UTC,362.85519396278164,3261484038.3689528,233860510.52067015
2021-09-08 00:00:00 UTC,304.21854306680643,2726399154.7218347,433225609.03974
2021-09-09 00:00:00 UTC,314.97211919487876,2833433991.875522,323349604.6658013
2021-09-10 00:00:00 UTC,349.50042889449327,3147555943.5990334,318036735.5387474
2021-09-11 00:00:00 UTC,353.04486903136115,3166580858.4890747,482540915.8166265
2021-09-12 00:00:00 UTC,384.4997621179198,3455772659.7053733,298170658.7925403
2021-09-13 00:00:00 UTC,399.59509199795076,3617271758.5262995,473458143.6417088
2021-09-14 00:00:00 UTC,374.87323734196025,3365223950.7826805,350593605.089576
2021-09-15 00:00:00 UTC,385.48175957372354,3468316781.203507,232022103.7007462
2021-09-16 00:00:00 UTC,394.7508914099719,3542474213.3754497,175442853.57321993
2021-09-17 00:00:00 UTC,380.7388640515645,3418828543.226433,214115941.02096105
2021-09-18 00:00:00 UTC,363.63909505735904,3265627903.356146,159411048.67855433
2021-09-19 00:00:00 UTC,389.88658539477353,3497881087.6392016,162844165.096839
2021-09-20 00:00:00 UTC,374.51463202621926,3362414227.4132676,123646708.78664203
2021-09-21 00:00:00 UTC,307.7099615535687,2751851838.2938204,237910377.55517274
2021-09-22 00:00:00 UTC,278.24863533218394,2487773557.3740625,203237146.0565815
2021-09-23 00:00:00 UTC,320.73107864563406,2871086596.084879,212962903.24251568
2021-09-24 00:00:00 UTC,329.0978062693887,2954930171.1403008,142525711.78982577
2021-09-25 00:00:00 UTC,306.21539415715563,2756208041.657448,218653080.0356426
2021-09-26 00:00:00 UTC,303.93650772551166,2725850361.7801676,108148321.73913327
2021-09-27 00:00:00 UTC,299.4320765175739,2686609637.189957,137264313.55444187
2021-09-28 00:00:00 UTC,292.663246353748,2648952004.218397,137724709.21843195
2021-09-29 00:00:00 UTC,297.5917664503954,2690611112.329032,206159775.63895112
2021-09-30 00:00:00 UTC,301.7940438440546,2703924285.887148,145823398.7450898
2021-10-01 00:00:00 UTC,308.68951231898455,2771118269.8596067,141819576.6459459
2021-10-02 00:00:00 UTC,324.3131638830264,2910806906.2496552,150459597.8129481
2021-10-03 00:00:00 UTC,329.6051169192659,2959076926.4851675,114012120.0011677
2021-10-04 00:00:00 UTC,322.6926563891915,2899633813.520474,99453500.10921322
2021-10-05 00:00:00 UTC,313.9758653447153,2833438599.116478,106424497.68213601
2021-10-06 00:00:00 UTC,313.84579564200914,2821892621.770039,101097882.45385483
2021-10-07 00:00:00 UTC,309.2916822947408,2778343978.7562394,123659864.49957702
2021-10-08 00:00:00 UTC,329.02004966267725,2951091468.4228134,172200495.81530458
2021-10-09 00:00:00 UTC,318.2282612116007,2855659683.3736877,99531096.1552662
2021-10-10 00:00:00 UTC,328.96185662102033,2952900799.974963,97729333.3298028
2021-10-11 00:00:00 UTC,310.79736762771637,2791030658.8235197,138324936.48169407
2021-10-12 00:00:00 UTC,306.6237852273384,2735444522.6648736,92282310.28285031
2021-10-13 00:00:00 UTC,300.43075209344516,2700435280.4046044,106451123.70800906
2021-10-14 00:00:00 UTC,336.78360581094495,3023447805.301601,203115824.81516585
2021-10-15 00:00:00 UTC,323.1221275962074,2898020631.249364,174003050.4714862
2021-10-16 00:00:00 UTC,323.1006116880773,2898452543.739279,174441779.3584846
2021-10-17 00:00:00 UTC,315.817362339421,2839209121.382616,95067767.72226167
2021-10-18 00:00:00 UTC,323.564148399884,2902221145.8544483,111341958.9586577
2021-10-19 00:00:00 UTC,334.38712597535897,2986477701.382403,138483162.9247905
2021-10-20 00:00:00 UTC,351.0263476998309,3156266199.945182,159958989.72574896
2021-10-21 00:00:00 UTC,347.4281978193791,3130223123.117878,120484157.8715371
2021-10-22 00:00:00 UTC,339.25510962033553,3047417433.8565392,139323135.69454247
2021-10-23 00:00:00 UTC,344.3748194902244,3093521567.2737145,129369036.8374213
2021-10-24 00:00:00 UTC,351.32906657289556,3154577442.738875,98543961.93985851
2021-10-25 00:00:00 UTC,366.72148168816375,3284207240.172434,162506633.45137805
2021-10-26 00:00:00 UTC,371.6646911705975,3344723745.9493065,144289827.23439455
2021-10-27 00:00:00 UTC,359.14505195404666,3243505187.103437,126261974.63106373
2021-10-28 00:00:00 UTC,327.93378684603425,2950959612.520586,195999864.4632347
2021-10-29 00:00:00 UTC,332.2801406939278,2980235605.2334914,157655560.07899123
2021-10-30 00:00:00 UTC,335.3061474959319,3006360722.0618105,310546790.0970969
2021-10-31 00:00:00 UTC,339.3892015239587,3047143270.7607017,93218283.84089895
2021-11-01 00:00:00 UTC,338.7544756207623,3045624715.7740993,97380337.19093515
2021-11-02 00:00:00 UTC,372.4422100888329,3340901238.862523,182178414.7567568
2021-11-03 00:00:00 UTC,405.97161591831156,3645664926.2523046,282939944.62883836
2021-11-04 00:00:00 UTC,415.05990809667776,3726901790.487172,172184271.9888147
2021-11-05 00:00:00 UTC,401.9097356076262,3569190983.896049,130740859.30478188
2021-11-06 00:00:00 UTC,412.6439682291316,3694548666.61089,137770789.22032002
2021-11-07 00:00:00 UTC,407.7336958604653,3656873623.3520083,131195318.32722002
2021-11-08 00:00:00 UTC,465.7206242202627,4140001260.634904,189210793.0834894
2021-11-09 00:00:00 UTC,440.39738797489673,3962567204.1462874,181700771.10804462
2021-11-10 00:00:00 UTC,412.5627598774058,3712926996.51699,140317894.4782407
2021-11-11 00:00:00 UTC,394.1705259877106,3537456363.8077803,189323356.6911779
2021-11-12 00:00:00 UTC,407.30387466169725,3664559163.8364234,139871300.84186476
2021-11-13 00:00:00 UTC,391.3338764173762,3512034610.473262,112142731.29604886
2021-11-14 00:00:00 UTC,396.31115568077325,3551346312.217841,87187196.56061472
2021-11-15 00:00:00 UTC,402.1433781417216,3597996904.5411644,73946732.98116489
2021-11-16 00:00:00 UTC,380.4936633925061,3421358249.2408304,99187913.22912894
2021-11-17 00:00:00 UTC,343.7753590358495,3088836918.130643,163893941.55233788
2021-11-18 00:00:00 UTC,342.5526217674719,3065652891.678887,109102229.33196461
2021-11-19 00:00:00 UTC,312.5546655916469,2802302945.3356757,107696911.78997335
2021-11-20 00:00:00 UTC,331.6507580967005,2967803755.5862823,105874462.89775994
2021-11-21 00:00:00 UTC,342.5266504268007,3075269775.3636236,86891613.42511736
2021-11-22 00:00:00 UTC,343.5353107912041,3102645445.591371,78346545.84275708
2021-11-23 00:00:00 UTC,315.4962547219367,2835664573.368315,96273953.83456944
2021-11-24 00:00:00 UTC,321.22727576874473,2882300660.713239,113671469.10323365
2021-11-25 00:00:00 UTC,307.1587988217654,2762338058.955165,95210913.78528318
2021-11-26 00:00:00 UTC,316.7456070355085,2845170248.5421643,92950398.80200982
2021-11-27 00:00:00 UTC,289.72648549271787,2593999653.6675377,124696959.71418361
2021-11-28 00:00:00 UTC,306.8241650521919,2750313364.8579984,94737246.14699414
2021-11-29 00:00:00 UTC,323.77329728231166,2907284986.720658,138917932.3467178
2021-11-30 00:00:00 UTC,338.49271208447607,3042282718.30704,105922614.96629065
2021-12-01 00:00:00 UTC,360.93010890482446,3244481899.1737094,163542383.79613045
2021-12-02 00:00:00 UTC,361.77014498844886,3257381053.094277,121170808.5279314
2021-12-03 00:00:00 UTC,336.72514052613906,3026495617.6752925,71562749.242171
2021-12-04 00:00:00 UTC,319.1566819139218,2866959905.858663,111366753.16680558
2021-12-05 00:00:00 UTC,275.398956015572,2479465336.644916,170891008.41506335
2021-12-06 00:00:00 UTC,271.3260794703765,2436001445.977035,93005305.11405513
2021-12-07 00:00:00 UTC,266.36040489522406,2395083598.908715,101126027.18425232
2021-12-08 00:00:00 UTC,272.6428269342139,2446966986.3248878,95304000.43701716
2021-12-09 00:00:00 UTC,281.01314298084026,2526551777.210666,86582704.5590136
2021-12-10 00:00:00 UTC,265.1977227857305,2399837407.8938155,63715437.806057386
2021-12-11 00:00:00 UTC,260.12058445768065,2350084736.5372086,88223016.19983372
2021-12-12 00:00:00 UTC,272.03682750316295,2444330968.291072,58110313.630500756
2021-12-13 00:00:00 UTC,280.446520590276,2509534326.861262,54147232.119505964
2021-12-14 00:00:00 UTC,251.49257233301998,2258919764.6516776,65493838.38495019
2021-12-15 00:00:00 UTC,257.9179681098182,2312451908.063974,54533613.41327223
2021-12-16 00:00:00 UTC,267.1266146647747,2398340294.8354034,57298092.22482289
2021-12-17 00:00:00 UTC,257.5604425471165,2310677175.8279862,50812339.76644561
2021-12-18 00:00:00 UTC,256.46424053907793,2291953165.657342,53135192.48264657
2021-12-19 00:00:00 UTC,258.86460247443233,2325764731.9583225,40470622.52004968
2021-12-20 00:00:00 UTC,253.63612427915788,2286735265.598429,39057154.25880492
2021-12-21 00:00:00 UTC,244.8247419695817,2208277623.7523646,45596466.41623107
2021-12-22 00:00:00 UTC,246.64289977942707,2219450395.96677,52439471.43846381
2021-12-23 00:00:00 UTC,251.64579969388924,2260768436.481825,67966898.48731056
2021-12-24 00:00:00 UTC,268.5332478548032,2411412811.659156,70400545.54913233
2021-12-25 00:00:00 UTC,266.5222245482388,2389900647.596077,81732357.90120283
2021-12-26 00:00:00 UTC,270.1045928376021,2429700766.1985564,49432403.72769214
2021-12-27 00:00:00 UTC,297.6749671942916,2674426910.256269,100627212.40068664
2021-12-28 00:00:00 UTC,296.97499759204175,2681806366.7492504,144829769.4274126
2021-12-29 00:00:00 UTC,271.0349947153908,2446038056.564788,137206691.99871877
2021-12-30 00:00:00 UTC,258.37109423220454,2304770636.969948,76499260.10193564
2021-12-31 00:00:00 UTC,256.5327465363626,2299232144.2953405,55594643.04804006
2022-01-01 00:00:00 UTC,253.26678991603163,2278354143.4506755,60502813.23243347
2022-01-02 00:00:00 UTC,262.9967946184943,2359926069.802783,42906454.084464505
2022-01-03 00:00:00 UTC,270.0164616629506,2429325725.9262943,53204882.97135656
2022-01-04 00:00:00 UTC,266.4799695755952,2398842524.5431447,61001522.557042316
2022-01-05 00:00:00 UTC,272.48878029038383,2443953962.8388405,90682137.82055709
2022-01-06 00:00:00 UTC,246.4850697446336,2221034970.278384,99245278.12333593
2022-01-07 00:00:00 UTC,249.03004648319262,2250137441.2633495,68014798.52925208
2022-01-08 00:00:00 UTC,230.93093333353465,2084221323.3475225,72143243.88894394
2022-01-09 00:00:00 UTC,220.55978835559344,1990403567.9675071,80456116.876921
2022-01-10 00:00:00 UTC,226.76802834548627,2037538295.3769305,48391936.48746125
2022-01-11 00:00:00 UTC,224.21206829782835,2011018760.051695,60857202.833129674
2022-01-12 00:00:00 UTC,240.72647755914554,2160809660.5652,70250597.93346812
2022-01-13 00:00:00 UTC,252.27607234387807,2265417686.517772,96052789.96411215
2022-01-14 00:00:00 UTC,242.7536761377745,2189563822.611617,68299151.61418512
2022-01-15 00:00:00 UTC,257.3851506774355,2304862539.796511,76610356.37471256
2022-01-16 00:00:00 UTC,263.3970290424165,2371886253.015274,55263845.36819818
2022-01-17 00:00:00 UTC,253.97324028999475,2277458594.4425917,71624241.28864543
2022-01-18 00:00:00 UTC,237.2311340913744,2130617448.0780463,53485149.35894674
2022-01-19 00:00:00 UTC,232.3224831883961,2087384212.515786,48949927.7040919
2022-01-20 00:00:00 UTC,223.41229234963936,2011394547.4134073,44407139.3830351
2022-01-21 00:00:00 UTC,219.468466411738,1984152787.083108,51004528.45129158
2022-01-22 00:00:00 UTC,194.8036220498095,1751261849.4217257,76991544.86971544
2022-01-23 00:00:00 UTC,173.2599629634652,1552268986.9800537,86390986.97161745
2022-01-24 00:00:00 UTC,174.54988389184217,1557828622.9454272,61278248.088495664
2022-01-25 00:00:00 UTC,160.36439199817477,1441800009.7052696,87116046.30013058
2022-01-26 00:00:00 UTC,159.9373575752775,1441096845.819562,59054299.44925269
2022-01-27 00:00:00 UTC,153.13475889176325,1384679658.559216,70727729.45731859
2022-01-28 00:00:00 UTC,153.37705934367915,1369154552.1812387,56479888.082787976
2022-01-29 00:00:00 UTC,157.60115904548573,1414662151.669725,41546886.862168334
2022-01-30 00:00:00 UTC,159.35817266852519,1428907441.5356457,32095869.101895016
2022-01-31 00:00:00 UTC,152.33518001305546,1366596947.3647616,33437587.80361651
2022-02-01 00:00:00 UTC,148.4974055573707,1333652607.2666554,51270473.70030117
2022-02-02 00:00:00 UTC,157.682430855125,1422283526.5993645,51472422.79754061
2022-02-03 00:00:00 UTC,148.79920802342218,1335774122.4463067,57187356.17765949
2022-02-04 00:00:00 UTC,149.0810801015263,1336441351.5580835,41063659.50927335
2022-02-05 00:00:00 UTC,165.83267019799064,1490597438.1522489,71415470.96028973
2022-02-06 00:00:00 UTC,171.51744501181489,1545367704.0842302,42649077.16260617
2022-02-07 00:00:00 UTC,180.9991289503477,1619725942.110394,46847328.11810003
2022-02-08 00:00:00 UTC,183.59204120361824,1649777940.6858206,53736462.21382974
2022-02-09 00:00:00 UTC,178.1567284047456,1599414181.2400994,52531448.63772427
2022-02-10 00:00:00 UTC,177.9511150264343,1599136440.2193506,49663157.89582006
2022-02-11 00:00:00 UTC,166.0165039608482,1490483799.123725,54266934.40789332
2022-02-12 00:00:00 UTC,152.44290252194006,1367218728.5543668,40097059.93538763
2022-02-13 00:00:00 UTC,154.28385743922883,1382876091.3509088,30347533.29627363
2022-02-14 00:00:00 UTC,151.38270433538472,1358457521.003741,24006200.821407966
2022-02-15 00:00:00 UTC,154.68570015562662,1386432964.978137,24475543.43478765
2022-02-16 00:00:00 UTC,162.97240424820808,1466388466.0769575,26127745.754997328
2022-02-17 00:00:00 UTC,154.99700697186498,1392407911.0807247,42718391.154874004
2022-02-18 00:00:00 UTC,142.9323337815621,1283794554.378653,47371727.082162604
2022-02-19 00:00:00 UTC,138.22135877131186,1242052723.617393,35997960.7303065
2022-02-20 00:00:00 UTC,139.46295060362812,1250798196.8082438,22451330.32622886
2022-02-21 00:00:00 UTC,128.16168782786673,1157746089.345651,32731958.01255573
2022-02-22 00:00:00 UTC,115.480304667289,1047494382.4404869,49614155.253847405
2022-02-23 00:00:00 UTC,120.14623151409715,1080296964.949529,39813825.08793408
2022-02-24 00:00:00 UTC,113.51762403150458,1020910118.8633528,29528561.10780798
2022-02-25 00:00:00 UTC,109.03529255574364,975586378.7388453,70694177.23868409
2022-02-26 00:00:00 UTC,115.89316949299112,1043482931.9307647,39851913.05085404
2022-02-27 00:00:00 UTC,115.5687555625952,1034762854.5994521,36476861.51961434
2022-02-28 00:00:00 UTC,109.1155534926098,978729654.3701881,33187805.893192463
2022-03-01 00:00:00 UTC,118.91478137138232,1066214958.208437,34408696.4693409
2022-03-02 00:00:00 UTC,127.5806379114794,1146316808.3102434,69842544.85220997
2022-03-03 00:00:00 UTC,127.36038622158577,1144812520.1215503,45539900.064737536
2022-03-04 00:00:00 UTC,121.25985711870932,1091243971.438748,39934058.09122823
2022-03-05 00:00:00 UTC,110.68232147038073,994053976.7703865,30703528.463022113
2022-03-06 00:00:00 UTC,112.45565774574406,1009121748.3353791,22656790.52537107
2022-03-07 00:00:00 UTC,110.27577381304032,989215896.0651499,24271315.99089263
2022-03-08 00:00:00 UTC,111.503499896391,1001883053.9413742,41635245.095376104
2022-03-09 00:00:00 UTC,113.64486257521598,1018602924.9827912,39012945.88081519
2022-03-10 00:00:00 UTC,125.05679760242012,1119656727.3070853,35185208.9694595
2022-03-11 00:00:00 UTC,117.50258704588845,1055697043.7420504,41522467.92719834
2022-03-12 00:00:00 UTC,116.0225833038406,1047801928.8597403,38525093.4816302
2022-03-13 00:00:00 UTC,115.73458863142844,1042687508.9738057,25207151.457910806
2022-03-14 00:00:00 UTC,109.95404168797322,986733910.6688659,23378304.484034747
2022-03-15 00:00:00 UTC,112.57447665206368,1010819275.6502758,24400048.098604947
2022-03-16 00:00:00 UTC,117.99163814236466,1058810239.7611265,47587420.03505898
2022-03-17 00:00:00 UTC,122.89657383749892,1080055170.7501652,66581140.53912152
2022-03-18 00:00:00 UTC,124.81989106875203,1119727062.7080057,61934483.05420773
2022-03-19 00:00:00 UTC,138.7450513420515,1241156654.434319,89268506.84460752
2022-03-20 00:00:00 UTC,136.9495740856278,1228116338.825518,73148080.9595567
2022-03-21 00:00:00 UTC,142.11986539535516,1258473242.4253352,83163653.6219397
2022-03-22 00:00:00 UTC,144.81684283505518,1300609467.7827156,107943400.0972466
2022-03-23 00:00:00 UTC,147.47939128516836,1321424122.0916383,61610394.06939351
2022-03-24 00:00:00 UTC,150.9946098903654,1354141769.6738563,78091455.97501606
2022-03-25 00:00:00 UTC,151.16440007348837,1358066570.8090792,74453704.33582263
2022-03-26 00:00:00 UTC,154.48719895130466,1386072220.360578,64008189.09913143
2022-03-27 00:00:00 UTC,152.64135468664264,1373095593.732086,59090838.248024896
2022-03-28 00:00:00 UTC,162.24217578283938,1453454831.5677037,57554217.23518549
2022-03-29 00:00:00 UTC,157.20750346940486,1438512130.8842056,102988102.41221142
2022-03-30 00:00:00 UTC,171.0205526671132,1529248498.3766608,108865578.99029946
2022-03-31 00:00:00 UTC,174.01288205186185,1567715211.4619398,111990063.692159
